sku;libelle;gamme;forme;contenance_ml;complexite;prix_standard_eur
DL-SV-001;Crème Hydra Confort 200 ml;Soin visage;crème;200;1;2,96
DL-SV-002;Sérum Éclat Pur 400 ml;Soin visage;sérum;400;2;4,04
DL-SV-003;Crème Peau Sensible 100 ml;Soin visage;crème;100;3;4,99
DL-SV-004;Sérum Anti-Rougeurs 100 ml;Soin visage;sérum;100;1;2,44
DL-SV-005;Crème Matifiant 50 ml;Soin visage;crème;50;2;3,3
DL-SV-006;Sérum Nutrition Intense 400 ml;Soin visage;sérum;400;2;3,03
DL-SV-007;Sérum Anti-Âge 30 ml;Soin visage;sérum;30;2;3,97
DL-SV-008;Gel Apaisant 50 ml;Soin visage;gel;50;2;3,02
DL-SV-009;Crème Hydra Confort 50 ml;Soin visage;crème;50;2;3,44
DL-SV-010;Sérum Éclat Pur 200 ml;Soin visage;sérum;200;1;2,91
DL-SV-011;Gel Peau Sensible 400 ml;Soin visage;gel;400;2;2,94
DL-SV-012;Crème Anti-Rougeurs 200 ml;Soin visage;crème;200;2;3,9
DL-SV-013;Sérum Matifiant 100 ml;Soin visage;sérum;100;2;2,94
DL-SV-014;Crème Nutrition Intense 200 ml;Soin visage;crème;200;2;4,0
DL-SV-015;Sérum Anti-Âge 100 ml;Soin visage;sérum;100;2;3,22
DL-SO-001;Crème Haute Protection 400 ml;Solaire;crème;400;2;4,15
DL-SO-002;Crème Peaux Sensibles 400 ml;Solaire;crème;400;1;2,63
DL-SO-003;Spray Enfant 200 ml;Solaire;spray;200;2;3,39
DL-SO-004;Spray Après-Soleil 30 ml;Solaire;spray;30;1;2,73
DL-SO-005;Lait Invisible 100 ml;Solaire;lait;100;1;2,68
DL-SO-006;Spray Sport 50 ml;Solaire;spray;50;2;3,32
DL-SO-007;Crème Haute Protection 50 ml;Solaire;crème;50;3;5,09
DL-SO-008;Lait Peaux Sensibles 50 ml;Solaire;lait;50;3;4,66
DL-SO-009;Crème Enfant 100 ml;Solaire;crème;100;2;3,04
DL-CA-001;Après-shampoing Fortifiant 100 ml;Capillaire;après-shampoing;100;3;5,19
DL-CA-002;Après-shampoing Antipelliculaire 100 ml;Capillaire;après-shampoing;100;2;3,69
DL-CA-003;Masque Cheveux Secs 100 ml;Capillaire;masque;100;1;2,34
DL-CA-004;Masque Volume 30 ml;Capillaire;masque;30;2;2,99
DL-CA-005;Masque Cuir Chevelu Sensible 100 ml;Capillaire;masque;100;2;2,74
DL-CA-006;Après-shampoing Réparateur 100 ml;Capillaire;après-shampoing;100;2;2,84
DL-CA-007;Après-shampoing Fortifiant 100 ml;Capillaire;après-shampoing;100;2;3,5
DL-CA-008;Shampoing Antipelliculaire 100 ml;Capillaire;shampoing;100;1;1,54
DL-CA-009;Shampoing Cheveux Secs 400 ml;Capillaire;shampoing;400;1;2,44
DL-CA-010;Shampoing Volume 30 ml;Capillaire;shampoing;30;2;3,94
DL-CA-011;Shampoing Cuir Chevelu Sensible 30 ml;Capillaire;shampoing;30;3;4,29
DL-CA-012;Shampoing Réparateur 100 ml;Capillaire;shampoing;100;2;4,07
DL-HY-001;Déodorant Surgras 200 ml;Hygiène;déodorant;200;2;3,14
DL-HY-002;Gel douche Peaux Atopiques 30 ml;Hygiène;gel douche;30;1;2,24
DL-HY-003;Déodorant Fraîcheur 30 ml;Hygiène;déodorant;30;3;5,42
DL-HY-004;Savon Douceur 50 ml;Hygiène;savon;50;2;3,82
DL-HY-005;Déodorant Protection 48h 200 ml;Hygiène;déodorant;200;1;3,09
DL-HY-006;Gel douche Surgras 400 ml;Hygiène;gel douche;400;1;1,8
DL-HY-007;Savon Peaux Atopiques 30 ml;Hygiène;savon;30;1;2,82
DL-HY-008;Savon Fraîcheur 100 ml;Hygiène;savon;100;1;1,52
DL-HY-009;Gel douche Douceur 200 ml;Hygiène;gel douche;200;1;2,36
DL-BB-001;Gel lavant Change 100 ml;Bébé;gel lavant;100;2;3,92
DL-BB-002;Gel lavant Hydratant Bébé 30 ml;Bébé;gel lavant;30;1;3,08
DL-BB-003;Crème Lavant Doux 100 ml;Bébé;crème;100;2;4,32
DL-BB-004;Crème Croûtes de Lait 100 ml;Bébé;crème;100;2;3,78
DL-BB-005;Crème Change 200 ml;Bébé;crème;200;3;4,91
DL-BB-006;Gel lavant Hydratant Bébé 400 ml;Bébé;gel lavant;400;2;4,03
DL-DE-001;Crème Réparateur Cutané 400 ml;Dermatologie;crème;400;3;4,3
DL-DE-002;Émulsion Anti-Démangeaisons 400 ml;Dermatologie;émulsion;400;2;3,4
DL-DE-003;Baume Cicatrisant 100 ml;Dermatologie;baume;100;2;4,17
DL-DE-004;Crème Émollient 50 ml;Dermatologie;crème;50;3;5,29
DL-DE-005;Émulsion Kératolytique 100 ml;Dermatologie;émulsion;100;1;2,9
DL-DE-006;Baume Réparateur Cutané 400 ml;Dermatologie;baume;400;1;1,98
DL-DE-007;Émulsion Anti-Démangeaisons 30 ml;Dermatologie;émulsion;30;1;1,8
DL-DE-008;Crème Cicatrisant 100 ml;Dermatologie;crème;100;2;3,24
DL-DE-009;Baume Émollient 400 ml;Dermatologie;baume;400;3;3,97
