sku,id_facconnier,role
DL-SV-001,F01,principal
DL-SV-001,F06,secondaire
DL-SV-002,F05,principal
DL-SV-003,F03,principal
DL-SV-004,F08,principal
DL-SV-005,F06,principal
DL-SV-006,F03,principal
DL-SV-006,F05,secondaire
DL-SV-007,F03,principal
DL-SV-007,F08,secondaire
DL-SV-008,F04,principal
DL-SV-009,F02,principal
DL-SV-010,F04,principal
DL-SV-011,F03,principal
DL-SV-011,F07,secondaire
DL-SV-012,F07,principal
DL-SV-013,F02,principal
DL-SV-014,F04,principal
DL-SV-015,F05,principal
DL-SO-001,F02,principal
DL-SO-001,F07,secondaire
DL-SO-002,F03,principal
DL-SO-003,F04,principal
DL-SO-003,F07,secondaire
DL-SO-004,F06,principal
DL-SO-004,F04,secondaire
DL-SO-005,F04,principal
DL-SO-006,F03,principal
DL-SO-006,F04,secondaire
DL-SO-007,F08,principal
DL-SO-007,F06,secondaire
DL-SO-008,F07,principal
DL-SO-008,F01,secondaire
DL-SO-009,F08,principal
DL-SO-009,F06,secondaire
DL-CA-001,F02,principal
DL-CA-002,F01,principal
DL-CA-002,F06,secondaire
DL-CA-003,F02,principal
DL-CA-003,F04,secondaire
DL-CA-004,F03,principal
DL-CA-005,F03,principal
DL-CA-006,F03,principal
DL-CA-007,F08,principal
DL-CA-007,F07,secondaire
DL-CA-008,F05,principal
DL-CA-009,F03,principal
DL-CA-010,F03,principal
DL-CA-011,F02,principal
DL-CA-012,F03,principal
DL-CA-012,F02,secondaire
DL-HY-001,F03,principal
DL-HY-002,F08,principal
DL-HY-003,F06,principal
DL-HY-004,F04,principal
DL-HY-004,F03,secondaire
DL-HY-005,F08,principal
DL-HY-005,F02,secondaire
DL-HY-006,F03,principal
DL-HY-007,F02,principal
DL-HY-008,F02,principal
DL-HY-008,F03,secondaire
DL-HY-009,F08,principal
DL-BB-001,F02,principal
DL-BB-002,F01,principal
DL-BB-002,F04,secondaire
DL-BB-003,F05,principal
DL-BB-004,F01,principal
DL-BB-004,F07,secondaire
DL-BB-005,F04,principal
DL-BB-006,F07,principal
DL-BB-006,F01,secondaire
DL-DE-001,F03,principal
DL-DE-002,F07,principal
DL-DE-003,F03,principal
DL-DE-003,F05,secondaire
DL-DE-004,F08,principal
DL-DE-004,F01,secondaire
DL-DE-005,F03,principal
DL-DE-005,F04,secondaire
DL-DE-006,F05,principal
DL-DE-006,F02,secondaire
DL-DE-007,F07,principal
DL-DE-008,F06,principal
DL-DE-009,F04,principal
DL-DE-009,F02,secondaire
